[["Map",1,2,7,8],"meta::meta",["Map",3,4,5,6],"astro-version","5.3.0","astro-config-digest","{\"root\":{},\"srcDir\":{},\"publicDir\":{},\"outDir\":{},\"cacheDir\":{},\"compressHTML\":true,\"base\":\"/\",\"trailingSlash\":\"ignore\",\"output\":\"static\",\"scopedStyleStrategy\":\"attribute\",\"build\":{\"format\":\"directory\",\"client\":{},\"server\":{},\"assets\":\"_astro\",\"serverEntry\":\"entry.mjs\",\"redirects\":true,\"inlineStylesheets\":\"auto\",\"concurrency\":1},\"server\":{\"open\":false,\"host\":true,\"port\":4321,\"streaming\":true},\"redirects\":{},\"image\":{\"endpoint\":{\"route\":\"/_image\"},\"service\":{\"entrypoint\":\"astro/assets/services/sharp\",\"config\":{}},\"domains\":[],\"remotePatterns\":[]},\"devToolbar\":{\"enabled\":true},\"markdown\":{\"syntaxHighlight\":\"shiki\",\"shikiConfig\":{\"langs\":[],\"langAlias\":{},\"theme\":\"github-dark\",\"themes\":{},\"wrap\":false,\"transformers\":[]},\"remarkPlugins\":[],\"rehypePlugins\":[],\"remarkRehype\":{},\"gfm\":true,\"smartypants\":true},\"security\":{\"checkOrigin\":true},\"env\":{\"schema\":{},\"validateSecrets\":false},\"experimental\":{\"clientPrerender\":false,\"contentIntellisense\":false,\"responsiveImages\":false,\"serializeConfig\":false},\"legacy\":{\"collections\":false}}","recipes",["Map",9,10,18,19,26,27],"dirt-cake",{"id":9,"data":11,"body":13,"filePath":14,"digest":15,"legacyId":16,"deferredRender":17},{"title":12},"Dirt cake","Steps:\n\n1. Get a plate\n2. Add dirt\n3. Add worms\n4. Serve","src/content/recipes/dirt-cake.mdx","0c76b488eb1cab11","dirt-cake.mdx",true,"mud-pie",{"id":18,"data":20,"body":22,"filePath":23,"digest":24,"legacyId":25,"deferredRender":17},{"title":21},"Mud pie","Steps:\n\n1. Take water\n2. Add mud\n3. Mix\n4. Serve","src/content/recipes/mud-pie.mdx","489ed13d36e1ed40","mud-pie.mdx","sandwich",{"id":26,"data":28,"body":30,"filePath":31,"digest":32,"legacyId":33,"deferredRender":17},{"title":29},"Sandwich","Steps:\n\n1. Create a base out of leafs\n2. Add sand\n3. Add more leafs\n4. Serve","src/content/recipes/sandwich.mdx","19d26e091bcd334a","sandwich.mdx"]